"Person","Mensa","Typ","Dauer","Gerichte","Wartezeit"
"P01","Turm","Mitarbeiter",30,2,0.76
"P02","Nord","Student",29,2,1.87
"P03","Turm","Student",37,5,3.11
"P04","Zentral","Student",42,2,1.67
"P05","Turm","Mitarbeiter",36,0,11.75
"P06","Nord","Student",14,0,1.18
"P07","Zentral","Mitarbeiter",35,0,8.54
"P08","Zentral","Student",34,0,2.5
"P09","Zentral","Student",37,5,13.52
"P10","Zentral","Student",22,1,5.67
"P11","Zentral","Student",18,3,2.45
"P12","Nord","Mitarbeiter",30,1,11.7
"P13","Turm","Student",36,4,5.33
"P14","Zentral","Mitarbeiter",34,1,1.1
"P15","Zentral","Student",39,1,3.98
"P16","Zentral","Student",24,2,2.63
"P17","Nord","Student",27,3,0.09
"P18","Turm","Mitarbeiter",28,3,0.94
"P19","Nord","Mitarbeiter",46,3,12.54
"P20","Turm","Mitarbeiter",26,3,1.94
"P21","Zentral","Student",28,0,2.55
"P22","Turm","Student",36,2,8.53
"P23","Zentral","Student",39,0,2.71
"P24","Nord","Student",32,3,7.95
"P25","Nord","Student",15,1,0.11
"P26","Turm","Student",30,3,7.71
"P27","Nord","Mitarbeiter",35,1,3.32
"P28","Zentral","Mitarbeiter",40,2,3.95
"P29","Nord","Student",38,1,10.94
"P30","Zentral","Student",29,2,1.52
"P31","Turm","Mitarbeiter",23,1,10.38
"P32","Zentral","Student",36,1,0.68
"P33","Zentral","Student",25,1,6.81
"P34","Zentral","Mitarbeiter",24,1,0.15
"P35","Nord","Mitarbeiter",33,3,1.49
"P36","Zentral","Student",24,4,3.43
"P37","Zentral","Student",36,1,2.77
"P38","Nord","Student",27,1,0.66
"P39","Turm","Student",29,1,8.1
"P40","Nord","Mitarbeiter",37,2,6.27
"P41","Turm","Student",36,2,2.12
"P42","Zentral","Student",21,1,13.38
"P43","Nord","Student",40,0,0.89
"P44","Nord","Mitarbeiter",31,2,17.54
"P45","Turm","Student",37,0,1.56
"P46","Nord","Mitarbeiter",43,1,7.43
"P47","Zentral","Student",26,1,10.13
"P48","Turm","Mitarbeiter",28,3,0.5
"P49","Zentral","Student",48,1,1.01
"P50","Turm","Mitarbeiter",20,3,0.77
"P51","Nord","Mitarbeiter",28,0,11.38
"P52","Nord","Student",27,1,8.1
"P53","Zentral","Mitarbeiter",31,0,3.29
"P54","Nord","Student",28,1,1.8
"P55","Nord","Mitarbeiter",41,1,9.62
"P56","Nord","Student",37,0,1.95
"P57","Zentral","Student",38,2,0.98
"P58","Turm","Student",34,1,0.5
"P59","Turm","Student",21,3,3.34
"P60","Turm","Mitarbeiter",24,1,2.8
"P61","Nord","Student",36,1,10.33
"P62","Turm","Mitarbeiter",25,1,6.72
"P63","Turm","Student",20,2,1.99
"P64","Turm","Student",14,1,7.35
"P65","Turm","Student",30,3,0.14
"P66","Nord","Student",18,2,10.84
"P67","Zentral","Student",24,1,1.73
"P68","Turm","Mitarbeiter",32,2,0.24
"P69","Zentral","Student",39,0,1.64
"P70","Nord","Student",24,3,8.39
"P71","Zentral","Student",40,1,14.05
"P72","Zentral","Student",28,0,0.32
"P73","Zentral","Student",33,1,0.5
"P74","Nord","Mitarbeiter",33,1,9.26
"P75","Zentral","Student",23,0,3.01
"P76","Turm","Student",27,0,2.79
"P77","Zentral","Student",25,2,4.65
"P78","Turm","Mitarbeiter",20,0,5.98
"P79","Turm","Student",34,2,0.63
"P80","Zentral","Mitarbeiter",47,3,5.3
