"Besuch","Fach","Bereich","Dauer","Buecher"
"B01","Jura","Cafe",1.69,0
"B02","Medizin","Gruppenraum",4.26,3
"B03","Jura","Lesesaal",0.79,2
"B04","Jura","Lesesaal",3.88,1
"B05","Medizin","Cafe",2.98,0
"B06","Informatik","Lesesaal",2.11,3
"B07","Wiwi","Gruppenraum",1.29,1
"B08","Jura","Gruppenraum",4.75,1
"B09","Jura","Cafe",4.21,2
"B10","Jura","Lesesaal",3.01,3
"B11","Jura","Lesesaal",3.6,5
"B12","Wiwi","Lesesaal",2.26,1
"B13","Jura","Gruppenraum",2.68,0
"B14","Jura","Gruppenraum",7.1,4
"B15","Medizin","Lesesaal",1.8,3
"B16","Wiwi","Lesesaal",3.97,2
"B17","Wiwi","Lesesaal",2.81,3
"B18","Medizin","Gruppenraum",1.21,0
"B19","Informatik","Lesesaal",3.43,1
"B20","Medizin","Cafe",2.4,3
"B21","Informatik","Cafe",1.14,4
"B22","Medizin","Lesesaal",2.71,0
"B23","Wiwi","Lesesaal",2.04,3
"B24","Jura","Lesesaal",2.9,2
"B25","Wiwi","Lesesaal",3.32,2
"B26","Informatik","Lesesaal",2.08,3
"B27","Medizin","Cafe",2.68,3
"B28","Wiwi","Lesesaal",0.63,2
"B29","Medizin","Gruppenraum",1.78,2
"B30","Informatik","Lesesaal",5.92,4
"B31","Wiwi","Lesesaal",1.31,3
"B32","Jura","Lesesaal",5.08,1
"B33","Informatik","Lesesaal",0.61,2
"B34","Informatik","Lesesaal",2.06,2
"B35","Jura","Gruppenraum",2.01,3
"B36","Wiwi","Gruppenraum",2.28,1
"B37","Medizin","Lesesaal",4.25,6
"B38","Jura","Lesesaal",4.61,5
"B39","Wiwi","Gruppenraum",1.83,6
"B40","Informatik","Gruppenraum",3.19,4
"B41","Jura","Cafe",4.96,4
"B42","Informatik","Cafe",2.69,2
"B43","Informatik","Gruppenraum",1.07,4
"B44","Wiwi","Gruppenraum",1.55,1
"B45","Wiwi","Gruppenraum",2,1
"B46","Informatik","Gruppenraum",1.32,2
"B47","Wiwi","Cafe",0.95,1
"B48","Jura","Gruppenraum",4.18,4
"B49","Informatik","Cafe",3.55,0
"B50","Wiwi","Lesesaal",3.57,1
"B51","Medizin","Lesesaal",5.83,1
"B52","Jura","Gruppenraum",2.29,2
"B53","Informatik","Gruppenraum",0.94,1
"B54","Medizin","Lesesaal",1.12,1
"B55","Wiwi","Lesesaal",1.38,2
"B56","Informatik","Cafe",2.38,2
"B57","Wiwi","Lesesaal",2.66,0
"B58","Wiwi","Cafe",4.6,2
"B59","Medizin","Gruppenraum",2.67,1
"B60","Jura","Gruppenraum",3.34,2
