"Mitglied","Studio","Abo","Minuten","Besuche","Wartezeit"
"M01","Sued","Basic",52,2,0.64
"M02","Sued","Premium",50,1,0.86
"M03","Zentrum","Premium",75,2,1.18
"M04","Sued","Premium",83,1,1.72
"M05","Nord","Basic",50,3,0.24
"M06","Zentrum","Premium",108,6,1.44
"M07","Zentrum","Premium",61,2,1.36
"M08","Nord","Premium",55,3,2.43
"M09","Zentrum","Basic",86,4,0.54
"M10","Sued","Premium",102,4,0.15
"M11","Sued","Basic",59,3,9.18
"M12","Zentrum","Basic",73,4,2.6
"M13","Zentrum","Basic",73,1,2.4
"M14","Sued","Premium",58,2,3.28
"M15","Sued","Basic",58,1,6.72
"M16","Zentrum","Premium",80,6,0.49
"M17","Nord","Premium",75,2,0.62
"M18","Sued","Basic",68,1,1.49
"M19","Zentrum","Basic",70,6,3.31
"M20","Zentrum","Premium",92,5,4.49
"M21","Sued","Basic",80,2,0.05
"M22","Zentrum","Premium",99,3,0.33
"M23","Zentrum","Basic",70,2,5.65
"M24","Sued","Basic",48,2,0.05
"M25","Zentrum","Premium",74,1,1.41
"M26","Zentrum","Premium",79,1,1.07
"M27","Nord","Basic",61,4,1.26
"M28","Sued","Basic",71,5,0.12
"M29","Nord","Premium",66,4,8.08
"M30","Nord","Basic",87,0,1.15
"M31","Zentrum","Basic",71,2,1.7
"M32","Sued","Basic",59,1,1.07
"M33","Zentrum","Basic",54,2,0.47
"M34","Zentrum","Basic",40,4,1.21
"M35","Zentrum","Basic",73,4,0.89
"M36","Sued","Premium",82,2,5.24
"M37","Sued","Basic",49,1,1.49
"M38","Zentrum","Premium",80,2,3.52
"M39","Zentrum","Basic",79,4,7.12
"M40","Sued","Basic",61,2,0.46
"M41","Sued","Basic",63,5,2.23
"M42","Zentrum","Basic",67,5,1.18
"M43","Zentrum","Premium",60,0,1.57
"M44","Sued","Premium",69,4,6.98
"M45","Sued","Premium",83,2,1.88
"M46","Sued","Basic",72,1,11.59
"M47","Sued","Basic",84,6,2.49
"M48","Zentrum","Basic",73,3,0.72
"M49","Nord","Premium",84,1,2.71
"M50","Zentrum","Basic",52,1,1.9
"M51","Zentrum","Premium",80,3,2.91
"M52","Zentrum","Basic",70,5,1.58
"M53","Zentrum","Premium",67,2,1.25
"M54","Sued","Basic",58,0,1
"M55","Zentrum","Basic",67,4,3.27
"M56","Nord","Premium",81,2,5.6
"M57","Sued","Basic",69,4,0.09
"M58","Sued","Basic",39,3,0.16
"M59","Nord","Premium",79,1,1.29
"M60","Zentrum","Basic",65,0,0.82
"M61","Zentrum","Basic",62,2,0.23
"M62","Zentrum","Basic",48,2,0.51
"M63","Zentrum","Premium",73,2,0.26
"M64","Nord","Basic",45,1,2.03
"M65","Zentrum","Basic",54,2,0.98
"M66","Nord","Basic",53,0,2.2
"M67","Zentrum","Premium",70,2,0.23
"M68","Sued","Basic",71,3,2.75
"M69","Zentrum","Premium",87,4,0.81
"M70","Nord","Basic",79,2,2.28
"M71","Nord","Premium",72,2,11.39
"M72","Sued","Basic",49,0,1.36
"M73","Sued","Basic",67,4,2.41
"M74","Sued","Premium",66,3,3.16
"M75","Zentrum","Basic",57,3,3.15
"M76","Zentrum","Premium",66,5,1.95
"M77","Sued","Premium",51,2,0.8
"M78","Nord","Premium",78,2,3.63
"M79","Nord","Basic",60,2,0.68
"M80","Zentrum","Basic",61,0,0.35
