"Spiel","Ort","Wetter","Tore","Zuschauer","Laufleistung"
"S01","Auswaerts","Wolken",0,342,102.6
"S02","Auswaerts","Wolken",0,373,113.8
"S03","Auswaerts","Regen",1,397,111.3
"S04","Auswaerts","Wolken",0,384,111.8
"S05","Auswaerts","Wolken",2,429,110.8
"S06","Heim","Sonne",1,463,111.7
"S07","Auswaerts","Wolken",1,280,110.3
"S08","Heim","Wolken",2,402,114.7
"S09","Heim","Sonne",2,381,116.5
"S10","Auswaerts","Wolken",2,536,108.5
"S11","Auswaerts","Wolken",1,391,113.8
"S12","Heim","Regen",1,353,111.1
"S13","Auswaerts","Regen",0,359,100.8
"S14","Heim","Wolken",3,361,110.5
"S15","Heim","Wolken",0,323,107.1
"S16","Heim","Regen",4,441,106.9
"S17","Auswaerts","Sonne",3,295,114.8
"S18","Heim","Wolken",3,466,112.2
"S19","Heim","Wolken",2,408,110.4
"S20","Heim","Wolken",0,423,110.9
"S21","Auswaerts","Regen",1,330,109.2
"S22","Auswaerts","Sonne",3,376,106.6
"S23","Auswaerts","Sonne",1,394,118.4
"S24","Heim","Wolken",4,359,112.7
"S25","Auswaerts","Wolken",6,275,109.3
"S26","Heim","Sonne",3,430,104.9
"S27","Heim","Sonne",1,367,118.6
"S28","Auswaerts","Wolken",0,429,111.5
"S29","Heim","Sonne",0,455,113.3
"S30","Heim","Wolken",2,413,111.5
"S31","Heim","Wolken",0,444,108.9
"S32","Auswaerts","Sonne",1,369,114.7
"S33","Heim","Wolken",0,463,108.8
"S34","Auswaerts","Wolken",2,381,113.1
"S35","Heim","Sonne",2,518,112
"S36","Auswaerts","Wolken",2,397,115.1
"S37","Heim","Regen",1,345,117.2
"S38","Heim","Wolken",2,495,113.2
"S39","Heim","Wolken",0,350,113.7
"S40","Auswaerts","Wolken",0,285,113.6
"S41","Auswaerts","Wolken",2,381,113.3
"S42","Heim","Regen",0,310,109.9
"S43","Heim","Wolken",1,385,116.7
"S44","Auswaerts","Wolken",3,382,107.5
"S45","Auswaerts","Sonne",1,411,105.6
"S46","Heim","Sonne",1,440,112.7
"S47","Heim","Sonne",1,472,120.2
"S48","Heim","Sonne",1,405,104.9
"S49","Auswaerts","Sonne",1,416,113.8
"S50","Auswaerts","Wolken",0,286,117.2
"S51","Heim","Wolken",1,418,107.2
"S52","Heim","Sonne",2,432,106.3
"S53","Heim","Sonne",3,472,107.6
"S54","Heim","Sonne",2,298,112.7
"S55","Auswaerts","Sonne",3,373,113.4
"S56","Heim","Wolken",0,471,107
"S57","Auswaerts","Regen",1,348,113.4
"S58","Auswaerts","Regen",2,474,115.6
"S59","Heim","Wolken",1,501,114.5
"S60","Heim","Wolken",1,492,108.2
"S61","Auswaerts","Wolken",2,461,115.5
"S62","Auswaerts","Regen",2,442,110.2
"S63","Auswaerts","Regen",1,327,110.8
"S64","Auswaerts","Wolken",2,427,111.7
