"Bestellung";"Stadtteil";"Getraenk";"Preis";"Wartezeit";"Bewertung"
"K001";"Grone";"Latte";3,37;1,7;4
"K002";"Innenstadt";"Espresso";2,22;7,3;3
"K003";"Weende";"Latte";3,55;0,7;4
"K004";"Weende";"Cappuccino";3,54;1,2;2
"K005";"Weende";"Espresso";2,39;1,7;4
"K006";"Weende";"Cappuccino";2,58;2,1;4
"K007";"Innenstadt";"Espresso";1,99;2,4;4
"K008";"Innenstadt";"Latte";3,59;0,5;3
"K009";"Grone";"Espresso";2,19;3,7;3
"K010";"Innenstadt";"Latte";4,4;1,3;3
"K011";"Grone";"Cappuccino";4,07;1,8;4
"K012";"Grone";"Latte";3,95;0,1;3
"K013";"Weende";"Cappuccino";3,67;3,8;2
"K014";"Weende";"Latte";3,84;0,9;4
"K015";"Innenstadt";"Cappuccino";3,06;2,3;3
"K016";"Grone";"Espresso";2,33;11,4;4
"K017";"Innenstadt";"Cappuccino";3,43;1,2;4
"K018";"Grone";"Cappuccino";3,7;5,3;4
"K019";"Innenstadt";"Cappuccino";3,3;2,7;4
"K020";"Innenstadt";"Espresso";2;3,1;3
"K021";"Innenstadt";"Cappuccino";3,05;5,2;2
"K022";"Innenstadt";"Latte";4,39;1,3;3
"K023";"Weende";"Espresso";1,95;1,4;4
"K024";"Grone";"Cappuccino";3,29;4,6;3
"K025";"Grone";"Latte";3,58;1,5;3
"K026";"Innenstadt";"Espresso";1,76;4;2
"K027";"Weende";"Espresso";2,87;1,5;3
"K028";"Grone";"Cappuccino";3,49;6;3
"K029";"Innenstadt";"Latte";3,91;0,3;4
"K030";"Innenstadt";"Cappuccino";3,82;2,1;4
"K031";"Innenstadt";"Espresso";2,31;9,6;5
"K032";"Innenstadt";"Cappuccino";3,39;1,7;4
"K033";"Innenstadt";"Espresso";1,94;0,1;4
"K034";"Grone";"Cappuccino";3,23;1,6;3
"K035";"Weende";"Espresso";1,95;4,7;3
"K036";"Weende";"Cappuccino";3,31;0,4;4
"K037";"Innenstadt";"Latte";3,62;0,4;5
"K038";"Grone";"Espresso";1,82;4,4;5
"K039";"Innenstadt";"Espresso";2,2;5,7;3
"K040";"Weende";"Espresso";2,38;2;5
"K041";"Grone";"Latte";3,46;2,1;5
"K042";"Grone";"Cappuccino";3,35;4,3;3
"K043";"Weende";"Cappuccino";3,07;1,1;4
"K044";"Innenstadt";"Latte";4,01;7,4;4
"K045";"Grone";"Espresso";2,79;6,3;5
"K046";"Innenstadt";"Latte";3,7;2,8;2
"K047";"Innenstadt";"Latte";3,58;0,1;2
"K048";"Innenstadt";"Cappuccino";3,68;0,6;4
"K049";"Weende";"Cappuccino";3,41;0,8;5
"K050";"Weende";"Latte";3,7;1,3;3
"K051";"Innenstadt";"Espresso";2,59;0,6;3
"K052";"Weende";"Cappuccino";2,86;0,6;5
"K053";"Weende";"Cappuccino";3,02;2,9;5
"K054";"Weende";"Latte";4,41;0,4;4
"K055";"Grone";"Latte";4,1;1,1;3
"K056";"Weende";"Espresso";2,46;0,1;5
"K057";"Innenstadt";"Latte";4,61;4,9;4
"K058";"Innenstadt";"Cappuccino";3,55;0,6;5
"K059";"Weende";"Latte";4,11;1,8;4
"K060";"Innenstadt";"Cappuccino";3,87;2,9;2
"K061";"Innenstadt";"Cappuccino";3,1;4,6;2
"K062";"Innenstadt";"Latte";3,98;4,3;3
"K063";"Innenstadt";"Espresso";3,24;1,4;5
"K064";"Weende";"Cappuccino";3,74;1,5;4
"K065";"Innenstadt";"Espresso";2,13;2;4
"K066";"Grone";"Latte";2,77;0,6;3
"K067";"Grone";"Cappuccino";3,42;3,9;4
"K068";"Weende";"Cappuccino";3,19;4,5;3
"K069";"Innenstadt";"Latte";3,75;3,5;3
"K070";"Innenstadt";"Cappuccino";3,6;3,7;4
"K071";"Weende";"Cappuccino";3,91;0,8;4
"K072";"Innenstadt";"Espresso";2,4;2,4;3
"K073";"Weende";"Espresso";2,2;2,9;5
"K074";"Innenstadt";"Cappuccino";4,05;5,8;3
"K075";"Innenstadt";"Espresso";2,27;6,1;3
"K076";"Weende";"Espresso";1,98;2,2;5
"K077";"Innenstadt";"Cappuccino";3,55;0,6;2
"K078";"Innenstadt";"Latte";3,4;1,9;3
"K079";"Weende";"Latte";4,23;0,9;4
"K080";"Innenstadt";"Cappuccino";4,27;4,6;3
"K081";"Innenstadt";"Espresso";2,27;0,4;5
"K082";"Innenstadt";"Espresso";2,72;4,4;3
"K083";"Weende";"Latte";3,63;2,8;5
"K084";"Innenstadt";"Espresso";2,47;2;2
"K085";"Weende";"Cappuccino";3,44;0,7;5
"K086";"Weende";"Latte";4,2;0,3;2
"K087";"Grone";"Latte";4,23;0,4;3
"K088";"Innenstadt";"Cappuccino";3,56;2;4
"K089";"Innenstadt";"Espresso";2,65;1;3
"K090";"Grone";"Latte";3,67;3;2
