"d2","","","",""
1,0.001,0.004,3.841,5.024
2,0.051,0.103,5.991,7.378
3,0.216,0.352,7.815,9.348
4,0.484,0.711,9.488,11.143
5,0.831,1.145,11.07,12.833
6,1.237,1.635,12.592,14.449
7,1.69,2.167,14.067,16.013
8,2.18,2.733,15.507,17.535
9,2.7,3.325,16.919,19.023
10,3.247,3.94,18.307,20.483
11,3.816,4.575,19.675,21.92
12,4.404,5.226,21.026,23.337
13,5.009,5.892,22.362,24.736
14,5.629,6.571,23.685,26.119
15,6.262,7.261,24.996,27.488
16,6.908,7.962,26.296,28.845
17,7.564,8.672,27.587,30.191
18,8.231,9.39,28.869,31.526
19,8.907,10.117,30.144,32.852
20,9.591,10.851,31.41,34.17
