"Ausleihe";"Station";"Typ";"Dauer";"Km";"Preis"
"A01";"Altstadt";"Normal";12,6;2,4;2,01
"A02";"Altstadt";"Normal";43,4;9,1;4,47
"A03";"Altstadt";"E-Bike";33,7;11;6,06
"A04";"Bahnhof";"E-Bike";42,3;11,3;7,34
"A05";"Altstadt";"Normal";31,4;5,3;3,51
"A06";"Bahnhof";"Normal";9,6;1,9;1,77
"A07";"Bahnhof";"E-Bike";55,7;14,9;9,36
"A08";"Bahnhof";"E-Bike";69,5;21,2;11,42
"A09";"Campus";"Normal";41;8;4,28
"A10";"Altstadt";"E-Bike";54,4;15,9;9,16
"A11";"Campus";"Normal";29,3;5,3;3,34
"A12";"Altstadt";"Normal";22,5;4,1;2,8
"A13";"Bahnhof";"Normal";48;8,4;4,84
"A14";"Altstadt";"Normal";17,1;2,1;2,37
"A15";"Campus";"E-Bike";18,4;4,8;3,76
"A16";"Altstadt";"Normal";35,9;5,6;3,87
"A17";"Campus";"Normal";19;2,9;2,52
"A18";"Altstadt";"Normal";8,8;1,6;1,7
"A19";"Altstadt";"E-Bike";40,6;12,5;7,09
"A20";"Bahnhof";"E-Bike";38,3;11,9;6,74
"A21";"Altstadt";"E-Bike";44,6;12,6;7,69
"A22";"Bahnhof";"E-Bike";13,8;4;3,07
"A23";"Campus";"Normal";9,6;1;1,77
"A24";"Campus";"Normal";13,5;1,9;2,08
"A25";"Bahnhof";"Normal";40;7,4;4,2
"A26";"Bahnhof";"E-Bike";118;36;18,7
"A27";"Altstadt";"E-Bike";24,7;7,5;4,7
"A28";"Altstadt";"E-Bike";83,4;24,7;13,51
"A29";"Altstadt";"Normal";9,2;3,2;1,74
"A30";"Altstadt";"Normal";47,5;9,1;4,8
